DROP TABLE furnace;
DROP TABLE warningThings;
DROP TABLE threshold;
DROP TABLE coalInjectionQuantity;

CREATE TABLE warningThings
(
    warningValue decimal(7, 3) ,
    warningTime datetime,
    warningType text not null,
    warningRange text not null
);

insert into warningThings(warningValue, warningTime, warningType, warningRange)
values
    (700, '2022-10-28 14:03:32', 'yr1', 'less'),
    (1000, '2022-10-28 14:03:32', 'yr1', 'more'),
    (900, '2022-10-28 14:03:32', 'yr2', 'less'),
    (1100, '2022-10-28 14:03:32', 'yr2', 'more'),
    (4, '2022-10-28 14:03:32', 'pml', 'less'),
    (6, '2022-10-28 14:03:32', 'pml', 'more'),
    (1000, '2022-10-28 14:03:32', 'yt', 'less'),
    (1200, '2022-10-28 14:03:32', 'yt', 'more'),
    (700, '2022-10-28 14:03:32', 'yw', 'less'),
    (1000, '2022-10-28 14:03:32', 'yw', 'more'),
    (100, '2022-10-28 14:03:32', 'cgd', 'less'),
    (400, '2022-10-28 14:03:32', 'cgd', 'more'),
    (30, '2022-10-28 14:03:32', 'ggd', 'less'),
    (1, '2022-10-28 14:03:32', 'ggd', 'more');

CREATE TABLE threshold
(
    id serial primary key ,
    elementName text not null ,
    norm text not null ,
    beginVal decimal(7, 3),
    endVal decimal(7, 3),
    template text,
    otherNorm text
);

insert into threshold(elementName, norm, beginVal, endVal, template, otherNorm)
values
    ("预热Ⅰ段氧含量", "O2", "10", "15", "当氧含量高时适当减少喷煤量（一段文字）（一段文字）（一段文字）（一段文字）（一段文字）（一段文字）（一段文字）（一段文字）（一段文字）（一段文字）（一段文字）（一段文字）（一段文字）（一段文字）（一段文字）（一段文字）", ""),
    ("test1", "O2", "3.6", "12.3", "（一段文字）（一段文字）（一段文字）（一段文字）（一段文字）（一段文字）（一段文字）（一段文字）（一段文字）（一段文字）（一段文字）（一段文字）（一段文字）（一段文字）（一段文字）（一段文字）", ""),
    ("test2", "test2", "10", "1.5", "（一段文字）（一段文字）（一段文字）（一段文字）（一段文字）（一段文字）（一段文字）（一段文字）（一段文字）（一段文字）（一段文字）（一段文字）（一段文字）（一段文字）（一段文字）（一段文字）", ""),
    ("test3", "test3", "10", "15", "测试", ""),
    ("test4", "test4", "10", "15", "（一段文字）（一段文字）（一段文字）（一段文字）（一段文字）（一段文字）（一段文字）（一段文字）（一段文字）（一段文字）（一段文字）（一段文字）（一段文字）（一段文字）（一段文字）（一段文字）", "测试"),
    ("test5", "test5", "10", "15", "（一段文字）（一段文字）（一段文字）（一段文字）（一段文字）（一段文字）（一段文字）（一段文字）（一段文字）（一段文字）（一段文字）（一段文字）（一段文字）（一段文字）（一段文字）（一段文字）", "测试"),
    ("test6", "test6", "10", "15", "（一段文字）（一段文字）（一段文字）（一段文字）（一段文字）（一段文字）（一段文字）（一段文字）（一段文字）（一段文字）（一段文字）（一段文字）（一段文字）（一段文字）（一段文字）（一段文字）", "测试"),
    ("test7", "test7", "10", "15", "（一段文字）（一段文字）（一段文字）（一段文字）（一段文字）（一段文字）（一段文字）（一段文字）（一段文字）（一段文字）（一段文字）（一段文字）（一段文字）（一段文字）（一段文字）（一段文字）", "测试");

CREATE TABLE furnace
(
    id serial primary key ,
    addTime datetime,
    dbzts decimal(6, 2),
    cql decimal(6, 2),
    fll decimal(6, 2),
    hhlsf decimal(6, 2),
    qhyxsj decimal(6, 2),
    prt decimal(6, 2),
    aq decimal(6, 2),
    dc decimal(6, 2),
    yt decimal(6, 2),
    yw decimal(6, 2),
    yr2 decimal(6, 2),
    yr1 decimal(6, 2),
    cgd decimal(6, 2),
    ggd decimal(6, 2),
    dbcl decimal(6, 2),
    dh decimal(6, 2),
    mfld decimal(6, 2),
    dbzts_new decimal(6, 2),
    cql_new decimal(6, 2),
    fll_new decimal(6, 2),
    hhlsf_new decimal(6, 2),
    qhyxsj_new decimal(6, 2),
    prt_new decimal(6, 2),
    aq_new decimal(6, 2),
    dc_new decimal(6, 2),
    yt_new decimal(6, 2),
    yw_new decimal(6, 2),
    yr2_new decimal(6, 2),
    yr1_new decimal(6, 2),
    cgd_new decimal(6, 2),
    ggd_new decimal(6, 2),
    dbcl_new decimal(6, 2),
    dh_new decimal(6, 2),
    mfld_new decimal(6, 2)
);

insert into furnace(addTime, dbzts, cql, fll, hhlsf, qhyxsj, prt, aq, dc, yt, yw, yr2, yr1, cgd, ggd, dbcl, dh, mfld, dbzts_new, cql_new, fll_new, hhlsf_new, qhyxsj_new, prt_new, aq_new, dc_new, yt_new, yw_new, yr2_new, yr1_new, cgd_new, ggd_new, dbcl_new, dh_new, mfld_new)
values
    ("2022-10-29 00:20:00", 65.783976, 76.156216, 1551.245675, 9.843922, 4.255194, 0.655211, 21.156993, 84.145699, 1124.875200, 785.450688, 1004.530370, 809.954671, 226.776435, 73.479313, 2475.373431, 20.686914, 63.175075, 72.393000, 71.720000, 1621.478000, 9.888000, 6.109000, 0.839000, 22.762000, 77.238000, 1125.652000, 852.731000, 1007.511000, 844.227000, 260.528000, 71.485000, 3384.575000, 19.643000, 65.762000),
    ("2022-10-29 00:40:00", 80.299349, 74.117895, 778.847997, 9.411598, 6.121074, 1.001005, 12.474275, 63.264009, 1140.936869, 874.559847, 1033.028299, 891.669099, 261.153699, 61.862644, 2245.334151, 38.822393, 62.233646, 79.569000, 76.521000, 1715.699000, 9.791000, 6.415000, 0.781000, 18.826000, 81.174000, 1131.604000, 844.070000, 1016.730000, 857.754000, 252.321000, 67.059000, 3272.589000, 18.988000, 64.927000),
    ("2022-10-29 01:00:00", 83.175711, 70.815807, 1943.475034, 9.346973, 3.199263, 1.132120, 2.349966, 81.815150, 1136.983595, 724.180782, 1049.544186, 852.415725, 256.303931, 54.605105, 2556.579267, 19.318573, 67.290864, 79.569000, 76.521000, 1715.699000, 9.791000, 6.415000, 0.781000, 18.826000, 81.174000, 1131.604000, 844.070000, 1016.730000, 857.754000, 252.321000, 67.059000, 3272.589000, 18.988000, 64.927000),
    ("2022-10-29 01:20:00", 72.561121, 76.614997, 1233.962300, 10.014206, 8.834161, 1.423160, 10.877236, 60.154978, 1126.544646, 895.382073, 1036.004908, 868.396518, 243.401994, 67.468717, 4266.641996, 23.244581, 63.461940, 75.853000, 73.795000, 1391.732000, 9.926000, 6.437000, 0.892000, 19.128000, 80.872000, 1132.964000, 850.953000, 1018.706000, 859.153000, 265.374000, 67.368000, 3861.733000, 18.370000, 64.649000),
    ("2022-10-29 01:40:00", 86.558522, 71.622457, 868.062043, 10.004946, 7.554410, 0.778052, 13.368586, 68.398706, 1111.499189, 776.125566, 1030.052728, 892.180439, 309.960762, 70.443489, 4005.368883, 18.773466, 68.035739, 75.853000, 73.795000, 1391.732000, 9.926000, 6.437000, 0.892000, 19.128000, 80.872000, 1132.964000, 850.953000, 1018.706000, 859.153000, 265.374000, 67.368000, 3861.733000, 18.370000, 64.649000),
    ("2022-10-29 02:00:00", 81.273154, 76.084587, 1356.630747, 9.203518, 7.555702, 0.801419, 12.038949, 92.497652, 1114.726190, 871.624160, 990.230755, 833.774311, 267.195589, 57.966839, 2683.006644, 21.851613, 62.487740, 79.569000, 76.521000, 1715.699000, 9.791000, 6.415000, 0.781000, 18.826000, 81.174000, 1131.604000, 844.070000, 1016.730000, 857.754000, 252.321000, 67.059000, 3272.589000, 18.988000, 64.927000),
    ("2022-10-29 02:20:00", 79.462070, 71.090350, 1397.512046, 9.558935, 4.683718, 1.376732, 9.073818, 72.352946, 1137.646420, 770.921248, 987.378250, 884.707531, 186.786467, 76.177063, 2508.523393, 34.925028, 63.274635, 79.569000, 76.521000, 1715.699000, 9.791000, 6.415000, 0.781000, 18.826000, 81.174000, 1131.604000, 844.070000, 1016.730000, 857.754000, 252.321000, 67.059000, 3272.589000, 18.988000, 64.927000),
    ("2022-10-29 02:40:00", 72.512141, 77.636560, 1137.384782, 9.919235, 6.515536, 1.124399, 26.515018, 84.317797, 1133.526460, 741.752460, 1022.895322, 854.783848, 194.731474, 57.396981, 4286.675033, 36.366638, 62.002888, 79.147000, 74.381000, 1201.880000, 10.058000, 6.927000, 0.908000, 22.883000, 77.117000, 1128.611000, 849.038000, 1017.951000, 859.329000, 262.009000, 67.480000, 3915.523000, 20.915000, 66.217000),
    ("2022-10-29 03:00:00", 69.219495, 79.442628, 924.775167, 9.275064, 7.504926, 1.378675, 37.408429, 67.808162, 1158.627637, 798.873641, 1045.754527, 899.581761, 269.970195, 61.325628, 2090.085156, 39.229362, 63.657786, 69.772000, 72.739000, 1347.603000, 9.864000, 5.818000, 0.900000, 23.846000, 76.154000, 1144.257000, 865.467000, 1015.760000, 868.954000, 267.868000, 67.922000, 3495.290000, 15.429000, 66.078000),
    ("2022-10-29 03:20:00", 67.793744, 79.220110, 1489.840689, 9.278008, 7.289238, 0.756009, 4.168555, 90.452853, 1152.259463, 877.989511, 1018.589887, 864.039161, 291.272673, 53.519537, 3694.951536, 32.480885, 66.703311, 82.709000, 73.503000, 1248.964000, 9.792000, 6.200000, 0.865000, 19.299000, 80.701000, 1133.387000, 867.886000, 1017.200000, 857.667000, 259.602000, 66.488000, 3692.668000, 18.216000, 66.212000),
    ("2022-10-29 03:40:00", 66.043651, 71.990257, 1720.508860, 9.589289, 3.093738, 1.392844, 2.909344, 99.285329, 1120.189384, 759.766497, 983.527982, 790.146946, 186.314219, 69.869727, 2146.484044, 33.311676, 66.187377, 71.604000, 75.387000, 1131.451000, 9.802000, 5.200000, 0.961000, 16.058000, 83.942000, 1130.918000, 881.138000, 1013.226000, 852.044000, 250.600000, 68.096000, 3451.627000, 19.821000, 65.565000),
    ("2022-10-29 04:00:00", 83.884260, 73.602794, 589.417629, 9.925338, 6.454834, 1.330037, 19.962116, 77.282924, 1110.883486, 881.654367, 1015.297442, 803.035481, 305.164962, 74.333909, 4112.375684, 19.793392, 62.732015, 78.846000, 72.844000, 1108.583000, 9.770000, 6.673000, 0.935000, 19.542000, 80.458000, 1139.381000, 863.370000, 1014.284000, 848.557000, 270.821000, 70.301000, 3932.682000, 17.531000, 65.027000),
    ("2022-10-29 04:20:00", 67.587879, 79.808898, 768.756923, 9.595258, 8.771208, 0.857518, 39.198425, 88.292982, 1157.914118, 844.720433, 1038.767814, 816.226426, 284.632184, 68.484207, 2147.294481, 34.172116, 63.788335, 69.772000, 72.739000, 1347.603000, 9.864000, 5.818000, 0.900000, 23.846000, 76.154000, 1144.257000, 865.467000, 1015.760000, 868.954000, 267.868000, 67.922000, 3495.290000, 15.429000, 66.078000),
    ("2022-10-29 04:40:00", 50.831894, 77.569335, 1822.768003, 9.392214, 4.430133, 1.236684, 33.261417, 64.473068, 1147.856018, 813.208668, 1035.228636, 864.604422, 291.472029, 57.088084, 2788.916820, 21.191150, 68.901447, 69.772000, 72.739000, 1347.603000, 9.864000, 5.818000, 0.900000, 23.846000, 76.154000, 1144.257000, 865.467000, 1015.760000, 868.954000, 267.868000, 67.922000, 3495.290000, 15.429000, 66.078000),
    ("2022-10-29 05:00:00", 67.065226, 77.463225, 782.759527, 9.358118, 5.499506, 0.779434, 2.799219, 62.795853, 1153.512095, 856.748500, 1001.044939, 837.988224, 297.921598, 77.288664, 4002.436949, 31.650567, 63.822604, 75.574000, 74.023000, 1075.600000, 9.754000, 6.654000, 0.943000, 19.295000, 80.705000, 1123.045000, 874.355000, 1022.941000, 855.621000, 272.569000, 68.791000, 3853.613000, 16.260000, 65.173000),
    ("2022-10-29 05:20:00", 96.464838, 75.768601, 527.833438, 10.059610, 8.045919, 1.182733, 25.261207, 84.165831, 1123.373802, 869.261677, 1042.565573, 876.940597, 211.671406, 51.839436, 2651.144779, 34.726858, 66.424959, 69.772000, 72.739000, 1347.603000, 9.864000, 5.818000, 0.900000, 23.846000, 76.154000, 1144.257000, 865.467000, 1015.760000, 868.954000, 267.868000, 67.922000, 3495.290000, 15.429000, 66.078000),
    ("2022-10-29 05:40:00", 67.566139, 77.017030, 1134.824327, 9.788164, 7.982308, 1.206710, 29.859629, 92.563330, 1143.045270, 808.953739, 1016.478749, 830.901082, 205.600692, 69.776940, 2388.976333, 38.125628, 65.960571, 69.772000, 72.739000, 1347.603000, 9.864000, 5.818000, 0.900000, 23.846000, 76.154000, 1144.257000, 865.467000, 1015.760000, 868.954000, 267.868000, 67.922000, 3495.290000, 15.429000, 66.078000),
    ("2022-10-29 06:00:00", 56.839054, 77.162959, 1647.597197, 9.991558, 6.515056, 0.866041, 15.506595, 68.241861, 1155.912988, 864.722500, 1035.195632, 861.639229, 281.493427, 71.235141, 3329.001205, 30.044477, 68.353978, 76.503000, 74.287000, 1067.173000, 9.943000, 6.417000, 0.864000, 19.129000, 80.871000, 1134.499000, 846.757000, 1015.555000, 865.134000, 258.472000, 64.595000, 3437.981000, 18.926000, 66.931000),
    ("2022-10-29 06:20:00", 89.686936, 75.680208, 729.115433, 9.241746, 3.640682, 1.122418, 32.909718, 91.281542, 1134.636006, 770.806125, 1027.822364, 785.628060, 198.258350, 77.889720, 2081.867719, 33.331262, 68.697145, 77.849000, 71.097000, 1077.056000, 9.762000, 5.980000, 0.796000, 23.639000, 76.361000, 1122.511000, 863.070000, 1010.602000, 850.510000, 260.656000, 73.565000, 3499.132000, 19.618000, 65.012000),
    ("2022-10-29 06:40:00", 50.119807, 74.209635, 726.454063, 9.655875, 8.516296, 1.272131, 19.843072, 64.760315, 1114.521496, 844.059082, 1048.646589, 822.528937, 316.916536, 63.161326, 2010.196710, 37.456271, 62.386620, 81.378000, 74.929000, 1401.132000, 9.841000, 6.123000, 0.835000, 18.359000, 81.641000, 1133.551000, 849.162000, 1013.449000, 851.756000, 272.781000, 65.485000, 3494.601000, 16.188000, 66.452000),
    ("2022-10-29 07:00:00", 95.323313, 73.229703, 1365.450029, 9.945456, 4.074819, 0.856590, 29.664485, 60.193937, 1136.323363, 837.963646, 1044.984905, 809.690489, 268.124076, 62.046929, 2413.827412, 29.273797, 67.529103, 69.772000, 72.739000, 1347.603000, 9.864000, 5.818000, 0.900000, 23.846000, 76.154000, 1144.257000, 865.467000, 1015.760000, 868.954000, 267.868000, 67.922000, 3495.290000, 15.429000, 66.078000),
    ("2022-10-29 07:20:00", 70.305373, 70.290948, 637.281682, 9.509361, 3.232778, 0.788280, 31.439202, 80.474154, 1154.605494, 729.640303, 1009.468824, 802.811513, 311.842721, 57.142621, 4087.422408, 29.711574, 64.691819, 80.758000, 74.555000, 1344.254000, 9.905000, 6.504000, 0.919000, 22.117000, 77.883000, 1136.704000, 853.189000, 1018.076000, 845.762000, 269.842000, 65.810000, 4018.743000, 19.403000, 66.164000),
    ("2022-10-29 07:40:00", 89.128045, 79.183905, 1137.280227, 9.546327, 4.294484, 1.379902, 19.046851, 94.477321, 1114.978628, 748.241506, 1037.468500, 867.883917, 314.364729, 67.157335, 4113.113251, 23.514956, 68.478678, 74.420000, 71.940000, 1510.440000, 9.838000, 6.137000, 0.932000, 16.530000, 83.470000, 1133.643000, 855.562000, 1022.575000, 858.681000, 271.079000, 62.818000, 3918.597000, 17.914000, 65.489000),
    ("2022-10-29 08:00:00", 80.161210, 78.518878, 1608.522743, 9.640768, 5.724864, 1.474435, 18.549369, 75.274893, 1125.709644, 851.762897, 1023.296666, 804.567136, 209.991277, 57.886206, 4358.136628, 26.821609, 67.916336, 65.891000, 75.833000, 1017.326000, 9.833000, 5.429000, 1.030000, 18.930000, 81.070000, 1145.157000, 836.097000, 1018.338000, 846.476000, 252.028000, 68.733000, 3889.335000, 14.888000, 63.738000),
    ("2022-10-29 08:20:00", 70.079260, 76.839263, 1665.362942, 9.330153, 8.549416, 1.135700, 3.293140, 94.249221, 1126.717735, 808.901203, 981.526574, 879.097082, 319.499480, 62.496752, 4099.430386, 30.015353, 66.360246, 78.957000, 73.330000, 1315.315000, 9.731000, 6.736000, 1.120000, 17.623000, 82.377000, 1122.648000, 872.789000, 1010.156000, 871.412000, 258.994000, 74.253000, 3828.463000, 17.112000, 64.791000),
    ("2022-10-29 08:40:00", 76.666025, 78.985516, 1797.914348, 9.866966, 8.046070, 1.320080, 2.967128, 99.745896, 1113.677164, 759.181990, 982.346162, 782.002145, 267.566952, 58.244532, 2562.731475, 25.138833, 65.468372, 67.327000, 76.523000, 1212.943000, 9.824000, 5.886000, 0.917000, 17.764000, 82.236000, 1137.320000, 860.768000, 1011.898000, 835.484000, 262.227000, 66.103000, 3415.548000, 21.010000, 66.126000),
    ("2022-10-29 09:00:00", 72.300772, 70.206627, 628.951832, 9.883736, 6.210319, 1.115662, 36.071622, 64.805058, 1123.866714, 847.299843, 995.899068, 787.005693, 302.992055, 62.314516, 3748.389358, 29.221693, 63.827537, 81.595000, 75.450000, 1107.616000, 9.845000, 5.340000, 0.883000, 25.015000, 74.985000, 1142.428000, 840.640000, 1002.832000, 863.625000, 271.089000, 66.883000, 3777.411000, 18.239000, 66.401000),
    ("2022-10-29 09:20:00", 69.985349, 76.670955, 1364.386791, 9.769342, 4.046832, 1.360126, 10.670481, 92.105787, 1141.256499, 784.153029, 1042.066401, 820.651078, 201.262236, 69.505959, 3836.445386, 27.749939, 64.234116, 81.380000, 76.327000, 1431.628000, 9.835000, 6.745000, 0.960000, 16.626000, 83.374000, 1139.188000, 840.546000, 1011.525000, 834.540000, 254.024000, 61.826000, 3774.523000, 17.947000, 65.369000),
    ("2022-10-29 09:40:00", 66.590306, 71.352835, 1131.557982, 9.974214, 4.608883, 1.071410, 24.828154, 83.462859, 1122.539599, 863.223151, 1011.081649, 867.353960, 225.966286, 50.406096, 2888.622570, 31.406816, 67.286747, 80.362000, 75.209000, 922.758000, 9.873000, 5.762000, 1.049000, 28.067000, 71.933000, 1150.006000, 836.307000, 1013.100000, 845.704000, 259.031000, 67.864000, 3492.946000, 19.558000, 65.648000),
    ("2022-10-29 10:00:00", 77.107132, 71.866420, 1389.883702, 9.269938, 6.071184, 0.841684, 3.480755, 79.848257, 1152.691373, 878.475133, 1042.799063, 792.840804, 211.637874, 78.526036, 4229.327931, 17.832670, 68.009705, 76.337000, 73.625000, 1134.885000, 9.756000, 6.134000, 0.891000, 18.284000, 81.716000, 1131.946000, 858.064000, 1019.424000, 853.080000, 266.395000, 66.918000, 3860.040000, 17.148000, 66.635000),
    ("2022-10-29 10:20:00", 82.553964, 72.066648, 1976.830477, 10.033050, 8.247196, 1.110450, 17.714303, 76.597527, 1151.590606, 831.240262, 1016.560092, 844.588864, 306.662955, 54.780225, 3247.768182, 19.443006, 66.738524, 83.463000, 73.778000, 1706.172000, 9.817000, 6.690000, 0.953000, 18.520000, 81.480000, 1134.987000, 863.483000, 1020.362000, 851.882000, 264.805000, 68.760000, 3384.110000, 24.149000, 65.109000),
    ("2022-10-29 10:40:00", 69.642132, 70.331252, 643.397874, 9.591938, 8.693622, 0.749346, 21.460465, 92.049430, 1139.928640, 721.244538, 1018.885313, 848.325321, 249.811884, 72.223731, 2220.655808, 25.311798, 64.148766, 81.739000, 73.041000, 1360.052000, 9.865000, 6.406000, 0.971000, 22.302000, 77.698000, 1144.069000, 859.039000, 1021.982000, 863.434000, 266.325000, 64.978000, 3278.030000, 22.831000, 66.032000),
    ("2022-10-29 11:00:00", 69.068410, 71.580209, 855.660917, 9.783154, 6.972434, 0.628660, 37.541338, 76.432054, 1130.823525, 811.763505, 1046.984809, 810.996617, 236.234371, 53.515969, 4373.470050, 28.415984, 64.304633, 80.758000, 74.555000, 1344.254000, 9.905000, 6.504000, 0.919000, 22.117000, 77.883000, 1136.704000, 853.189000, 1018.076000, 845.762000, 269.842000, 65.810000, 4018.743000, 19.403000, 66.164000),
    ("2022-10-29 11:20:00", 82.857723, 77.632198, 1458.795674, 10.031514, 6.536067, 1.267735, 39.853248, 70.033492, 1150.229456, 782.970249, 1036.213050, 799.625538, 253.771545, 53.685297, 4298.292009, 17.874109, 68.357756, 80.758000, 74.555000, 1344.254000, 9.905000, 6.504000, 0.919000, 22.117000, 77.883000, 1136.704000, 853.189000, 1018.076000, 845.762000, 269.842000, 65.810000, 4018.743000, 19.403000, 66.164000),
    ("2022-10-29 11:40:00", 66.484830, 71.579436, 1754.412922, 9.446874, 3.605505, 1.094292, 31.129150, 85.252827, 1142.684558, 720.903590, 1048.074614, 814.588225, 229.012163, 69.863612, 2237.909011, 28.402505, 66.044419, 69.772000, 72.739000, 1347.603000, 9.864000, 5.818000, 0.900000, 23.846000, 76.154000, 1144.257000, 865.467000, 1015.760000, 868.954000, 267.868000, 67.922000, 3495.290000, 15.429000, 66.078000),
    ("2022-10-29 12:00:00", 91.834403, 71.656630, 1737.189763, 10.067421, 7.655716, 0.720050, 19.061644, 76.599804, 1153.290590, 794.472810, 1049.880671, 854.560740, 193.521868, 78.235452, 2149.122063, 28.716466, 64.752991, 81.378000, 74.929000, 1401.132000, 9.841000, 6.123000, 0.835000, 18.359000, 81.641000, 1133.551000, 849.162000, 1013.449000, 851.756000, 272.781000, 65.485000, 3494.601000, 16.188000, 66.452000),
    ("2022-10-29 12:20:00", 67.792880, 72.981186, 1200.927666, 9.466015, 5.952880, 1.282048, 5.526460, 74.937892, 1143.274266, 887.933907, 996.823941, 782.369509, 209.728413, 50.173405, 2353.820406, 28.484468, 68.748392, 67.327000, 76.523000, 1212.943000, 9.824000, 5.886000, 0.917000, 17.764000, 82.236000, 1137.320000, 860.768000, 1011.898000, 835.484000, 262.227000, 66.103000, 3415.548000, 21.010000, 66.126000),
    ("2022-10-29 12:40:00", 81.795094, 76.627942, 1891.346155, 9.481684, 5.924552, 0.808776, 7.814954, 77.282030, 1113.269753, 760.574179, 1030.257663, 821.100741, 187.284393, 53.939868, 3579.247993, 17.471813, 68.160489, 82.339000, 76.271000, 1321.011000, 9.749000, 6.088000, 1.051000, 18.778000, 81.222000, 1140.709000, 838.576000, 1029.813000, 849.102000, 263.922000, 68.632000, 3526.411000, 22.767000, 66.765000),
    ("2022-10-29 13:00:00", 65.688620, 78.336734, 1816.845781, 9.843001, 4.029295, 1.188806, 20.841869, 96.587003, 1114.508031, 752.434598, 1021.628748, 846.762384, 297.565805, 69.553895, 3234.534025, 32.979557, 65.077211, 81.739000, 73.041000, 1360.052000, 9.865000, 6.406000, 0.971000, 22.302000, 77.698000, 1144.069000, 859.039000, 1021.982000, 863.434000, 266.325000, 64.978000, 3278.030000, 22.831000, 66.032000),
    ("2022-10-29 13:20:00", 70.145790, 76.178761, 1096.610284, 9.961630, 3.183964, 0.879785, 25.692286, 80.739969, 1150.940729, 841.947161, 987.211860, 789.251147, 285.344829, 69.830271, 3580.351831, 22.980663, 62.303001, 74.593000, 71.848000, 1199.178000, 9.883000, 6.375000, 0.894000, 23.424000, 76.576000, 1139.197000, 856.388000, 1013.250000, 847.536000, 264.570000, 68.975000, 3590.916000, 17.427000, 65.524000),
    ("2022-10-29 13:40:00", 58.263401, 79.861106, 538.160209, 9.411431, 4.716623, 0.691698, 23.063397, 62.111673, 1157.062782, 779.449841, 1016.371533, 839.873525, 271.444616, 67.548686, 3095.443182, 20.706842, 68.786835, 71.415000, 74.677000, 1429.063000, 9.791000, 6.366000, 1.011000, 24.944000, 75.056000, 1140.796000, 860.945000, 1015.534000, 825.895000, 252.257000, 65.208000, 3390.637000, 19.442000, 66.033000),
    ("2022-10-29 14:00:00", 51.621336, 78.115323, 566.095498, 10.003933, 6.152934, 1.136457, 7.941752, 70.967849, 1124.538408, 730.267601, 982.344801, 864.148440, 289.857342, 65.166717, 3481.682842, 19.080584, 63.479807, 77.903000, 76.127000, 1044.536000, 9.765000, 6.762000, 0.822000, 17.336000, 82.664000, 1127.604000, 850.926000, 1009.225000, 857.415000, 264.969000, 67.167000, 3487.799000, 14.080000, 65.691000),
    ("2022-10-29 14:20:00", 79.590770, 75.462155, 557.920914, 9.955843, 6.202231, 0.661720, 27.574614, 61.525966, 1151.573667, 733.332393, 1036.251352, 807.619275, 267.918754, 55.319269, 3004.690406, 16.040220, 68.300696, 74.194000, 76.386000, 1236.378000, 9.950000, 5.696000, 1.042000, 28.460000, 71.540000, 1139.543000, 852.996000, 1006.346000, 840.259000, 248.442000, 67.877000, 3501.178000, 16.530000, 65.767000),
    ("2022-10-29 14:40:00", 80.024752, 76.329515, 1529.663552, 9.851371, 8.343466, 1.167115, 30.177393, 63.346314, 1131.982859, 752.144870, 1001.802252, 807.346368, 276.715861, 63.868875, 3862.914400, 29.888721, 68.654401, 79.147000, 74.381000, 1201.880000, 10.058000, 6.927000, 0.908000, 22.883000, 77.117000, 1128.611000, 849.038000, 1017.951000, 859.329000, 262.009000, 67.480000, 3915.523000, 20.915000, 66.217000),
    ("2022-10-29 15:00:00", 61.314870, 75.902546, 960.687140, 9.796030, 3.351603, 1.127253, 21.543840, 98.893063, 1128.711426, 730.826845, 1042.790542, 829.286650, 202.837819, 65.704266, 2794.990189, 30.979562, 64.101327, 81.739000, 73.041000, 1360.052000, 9.865000, 6.406000, 0.971000, 22.302000, 77.698000, 1144.069000, 859.039000, 1021.982000, 863.434000, 266.325000, 64.978000, 3278.030000, 22.831000, 66.032000),
    ("2022-10-29 15:20:00", 89.180039, 72.200294, 827.697848, 9.710602, 3.514962, 1.362978, 28.877154, 89.728196, 1112.970457, 739.841959, 1017.575653, 792.214440, 203.315850, 69.544019, 2638.884091, 34.989539, 67.607964, 77.849000, 71.097000, 1077.056000, 9.762000, 5.980000, 0.796000, 23.639000, 76.361000, 1122.511000, 863.070000, 1010.602000, 850.510000, 260.656000, 73.565000, 3499.132000, 19.618000, 65.012000),
    ("2022-10-29 15:40:00", 85.012564, 79.519779, 756.584335, 9.255624, 3.866044, 0.891355, 25.451656, 87.221952, 1139.835616, 791.477070, 1013.035828, 807.552226, 180.697250, 68.577595, 3896.399119, 30.695279, 64.160600, 80.758000, 74.555000, 1344.254000, 9.905000, 6.504000, 0.919000, 22.117000, 77.883000, 1136.704000, 853.189000, 1018.076000, 845.762000, 269.842000, 65.810000, 4018.743000, 19.403000, 66.164000),
    ("2022-10-29 16:00:00", 51.751125, 74.121843, 1837.054390, 9.310920, 5.041070, 0.818015, 16.874015, 84.941321, 1138.825801, 773.464969, 1028.242277, 829.291384, 204.146047, 58.663583, 2108.104130, 20.136816, 65.641292, 79.569000, 76.521000, 1715.699000, 9.791000, 6.415000, 0.781000, 18.826000, 81.174000, 1131.604000, 844.070000, 1016.730000, 857.754000, 252.321000, 67.059000, 3272.589000, 18.988000, 64.927000),
    ("2022-10-29 16:20:00", 92.479571, 76.695167, 1988.286420, 9.503235, 7.766842, 1.373939, 19.085344, 86.570623, 1145.422369, 817.937963, 1017.551795, 813.974815, 306.259232, 50.042391, 2813.639674, 33.306871, 67.225405, 81.378000, 74.929000, 1401.132000, 9.841000, 6.123000, 0.835000, 18.359000, 81.641000, 1133.551000, 849.162000, 1013.449000, 851.756000, 272.781000, 65.485000, 3494.601000, 16.188000, 66.452000),
    ("2022-10-29 16:40:00", 76.964037, 78.202994, 1453.096793, 9.975091, 8.884729, 0.712982, 16.871253, 67.735445, 1112.955163, 751.141087, 1041.251379, 843.898515, 212.638454, 73.927992, 3471.060633, 31.284060, 66.915479, 79.569000, 76.521000, 1715.699000, 9.791000, 6.415000, 0.781000, 18.826000, 81.174000, 1131.604000, 844.070000, 1016.730000, 857.754000, 252.321000, 67.059000, 3272.589000, 18.988000, 64.927000);

CREATE TABLE coalInjectionQuantity
(
    id serial primary key ,
    addTime datetime,
    coalValue decimal(6, 2)
);

insert into coalInjectionQuantity(addTime, coalValue)
values
    ("2022-10-29 00:20:00", 5.068176),
    ("2022-10-29 00:40:00", 4.847815),
    ("2022-10-29 01:00:00", 5.507728),
    ("2022-10-29 01:20:00", 5.224032),
    ("2022-10-29 01:40:00", 5.473399),
    ("2022-10-29 02:00:00", 4.908699),
    ("2022-10-29 02:20:00", 4.953449),
    ("2022-10-29 02:40:00", 4.896619),
    ("2022-10-29 03:00:00", 4.976683),
    ("2022-10-29 03:20:00", 4.819290),
    ("2022-10-29 03:40:00", 5.059610),
    ("2022-10-29 04:00:00", 5.440251),
    ("2022-10-29 04:20:00", 5.409819),
    ("2022-10-29 04:40:00", 5.598177),
    ("2022-10-29 05:00:00", 5.551673),
    ("2022-10-29 05:20:00", 5.256035),
    ("2022-10-29 05:40:00", 4.852492),
    ("2022-10-29 06:00:00", 5.361903),
    ("2022-10-29 06:20:00", 5.027573),
    ("2022-10-29 06:40:00", 5.316820),
    ("2022-10-29 07:00:00", 5.237511),
    ("2022-10-29 07:20:00", 5.145629),
    ("2022-10-29 07:40:00", 4.730253),
    ("2022-10-29 08:00:00", 5.019612),
    ("2022-10-29 08:20:00", 5.135653),
    ("2022-10-29 08:40:00", 5.208804),
    ("2022-10-29 09:00:00", 5.555048),
    ("2022-10-29 09:20:00", 5.179961),
    ("2022-10-29 09:40:00", 5.277932),
    ("2022-10-29 10:00:00", 5.521890),
    ("2022-10-29 10:20:00", 4.993499),
    ("2022-10-29 10:40:00", 5.176772),
    ("2022-10-29 11:00:00", 5.313733),
    ("2022-10-29 11:20:00", 5.193744),
    ("2022-10-29 11:40:00", 5.069286),
    ("2022-10-29 12:00:00", 5.311957),
    ("2022-10-29 12:20:00", 4.980209),
    ("2022-10-29 12:40:00", 5.028986),
    ("2022-10-29 13:00:00", 5.387466),
    ("2022-10-29 13:20:00", 5.015757),
    ("2022-10-29 13:40:00", 5.363075),
    ("2022-10-29 14:00:00", 4.875220),
    ("2022-10-29 14:20:00", 5.019325),
    ("2022-10-29 14:40:00", 5.183276),
    ("2022-10-29 15:00:00", 5.042244),
    ("2022-10-29 15:20:00", 4.740514),
    ("2022-10-29 15:40:00", 5.105984),
    ("2022-10-29 16:00:00", 4.930452),
    ("2022-10-29 16:20:00", 4.933576),
    ("2022-10-29 16:40:00", 4.953701);